"Items","Antiques"
"Items","Antiques","Antique shop"
"Items","Antiques","Antiques"
"Items","Antiques","Art"
"Items","Antiques","Drawing"
"Items","Antiques","Furniture"
"Items","Antiques","Painting"
"Items","Antiques","Porcelain"
"Items","Antiques","Other"
"Items","Appliances"
"Items","Appliances","Building supplies"
"Items","Appliances","Computers"
"Items","Appliances","Computers","Accessories"
"Items","Appliances","Computers","Communication&Networking"
"Items","Appliances","Computers","Computers - Other"
"Items","Appliances","Computers","Disks&Drives"
"Items","Appliances","Computers","Hardware"
"Items","Appliances","Computers","Laptops"
"Items","Appliances","Computers","Mainboards"
"Items","Appliances","Computers","Memory"
"Items","Appliances","Computers","Memory","Mobile"
"Items","Appliances","Computers","Memory","RAM"
"Items","Appliances","Computers","Memory","Other"
"Items","Appliances","Computers","Monitors"
"Items","Appliances","Computers","PC Computers"
"Items","Appliances","Computers","Printers&Scanners"
"Items","Appliances","Computers","Software"
"Items","Appliances","Computers","Toners&Ink Cartridges"
"Items","Appliances","Computers","Other"
"Items","Appliances","Domestic appliances"
"Items","Appliances","Electronics"
"Items","Appliances","Electronics","Accessories"
"Items","Appliances","Electronics","Adapters"
"Items","Appliances","Electronics","Audio"
"Items","Appliances","Electronics","Cables"
"Items","Appliances","Electronics","Electronics"
"Items","Appliances","Electronics","Video"
"Items","Appliances","Electronics","Other"
"Items","Appliances","Industrial"
"Items","Appliances","Industrial","Advert"
"Items","Appliances","Industrial","Agriculture"
"Items","Appliances","Industrial","Forestry"
"Items","Appliances","Industrial","Gastronomy"
"Items","Appliances","Industrial","Industrial Automation"
"Items","Appliances","Industrial","Printing"
"Items","Appliances","Industrial","Warehousing"
"Items","Appliances","Industrial","Other"
"Items","Appliances","Office supplies"
"Items","Appliances","Specialists"
"Items","Appliances","Sport"
"Items","Appliances","Sport","Accessories"
"Items","Appliances","Sport","Bikes, etc."
"Items","Appliances","Sport","Fight sports"
"Items","Appliances","Sport","Fitness"
"Items","Appliances","Sport","Friendly sports"
"Items","Appliances","Sport","Shot sports"
"Items","Appliances","Sport","Skating"
"Items","Appliances","Sport","Team sports"
"Items","Appliances","Sport","Tennis, etc"
"Items","Appliances","Sport","Touristics"
"Items","Appliances","Sport","Water sports"
"Items","Appliances","Sport","Winter sports"
"Items","Appliances","Sport","Other"
"Items","Appliances","Touristics"
"Items","Appliances","Other"
"Items","Cell Phones"
"Items","Cell Phones","Accessories"
"Items","Cell Phones","CB Stations"
"Items","Cell Phones","Cell phones"
"Items","Cell Phones","GSM Accessories"
"Items","Cell Phones","Phones etc"
"Items","Cell Phones","Pre-paid"
"Items","Cell Phones","Stationary phones"
"Items","Cell Phones","VoIP phones"
"Items","Cell Phones","Other"
"Items","Clothing, Shoes"
"Items","Clothing, Shoes","Clothing"
"Items","Clothing, Shoes","Clothing","Men's"
"Items","Clothing, Shoes","Clothing","Women's"
"Items","Clothing, Shoes","Disguises"
"Items","Clothing, Shoes","Gallantry"
"Items","Clothing, Shoes","Occasional"
"Items","Clothing, Shoes","Shoes"
"Items","Clothing, Shoes","Shoes","Men's"
"Items","Clothing, Shoes","Shoes","Women's"
"Items","Clothing, Shoes","Other"
"Items","Health & Beauty"
"Items","Health & Beauty","Bathing"
"Items","Health & Beauty","Beauty"
"Items","Health & Beauty","Cosmetics"
"Items","Health & Beauty","Health"
"Items","Health & Beauty","Hygiene"
"Items","Health & Beauty","Make-up"
"Items","Health & Beauty","Manicure, Pedicure"
"Items","Health & Beauty","Massage"
"Items","Health & Beauty","Medicine"
"Items","Health & Beauty","Perfumes"
"Items","Health & Beauty","Rehabilitation"
"Items","Health & Beauty","Slimming"
"Items","Health & Beauty","Sunbathing"
"Items","Health & Beauty","Other"
"Items","Hobby"
"Items","Hobby","Books & Comics"
"Items","Hobby","Books & Comics","Albums"
"Items","Hobby","Books & Comics","Books"
"Items","Hobby","Books & Comics","Calendars"
"Items","Hobby","Books & Comics","Comics"
"Items","Hobby","Books & Comics","E-Books"
"Items","Hobby","Books & Comics","Encyclopedias & dictionaries"
"Items","Hobby","Books & Comics","Magazines"
"Items","Hobby","Books & Comics","Maps, Atlas etc."
"Items","Hobby","Books & Comics","Self-Help Books"
"Items","Hobby","Books & Comics","Other"
"Items","Hobby","Cameras & Photo"
"Items","Hobby","Cameras & Photo","Accessories"
"Items","Hobby","Cameras & Photo","Cameras"
"Items","Hobby","Cameras & Photo","Cameras","Compact"
"Items","Hobby","Cameras & Photo","Cameras","Digital"
"Items","Hobby","Cameras & Photo","Cameras","Digital SLR"
"Items","Hobby","Cameras & Photo","Cameras","Other"
"Items","Hobby","Cameras & Photo","Film Cameras"
"Items","Hobby","Cameras & Photo","Lenses"
"Items","Hobby","Cameras & Photo","Filters"
"Items","Hobby","Cameras & Photo","Other"
"Items","Hobby","Collections"
"Items","Hobby","Collections","Breweriana, Beer"
"Items","Hobby","Collections","Militaria"
"Items","Hobby","Collections","Moddeling"
"Items","Hobby","Collections","Philately"
"Items","Hobby","Collections","Postcards"
"Items","Hobby","Collections","Sports"
"Items","Hobby","Collections","Other"
"Items","Hobby","Games"
"Items","Hobby","Games","Board"
"Items","Hobby","Games","Board","Board"
"Items","Hobby","Games","Board","Board","Other"
"Items","Hobby","Games","Board","Cards"
"Items","Hobby","Games","Board","Cards","Other"
"Items","Hobby","Games","Board","Other"
"Items","Hobby","Games","Video Games"
"Items","Hobby","Games","Video Games","Consols"
"Items","Hobby","Games","Video Games","Consols","Other"
"Items","Hobby","Games","Video Games","On-line"
"Items","Hobby","Games","Video Games","On-line","Other"
"Items","Hobby","Games","Video Games","PC Games"
"Items","Hobby","Games","Video Games","PC Games","Other"
"Items","Hobby","Games","Video Games","Other"
"Items","Hobby","Games","Other"
"Items","Hobby","Movies"
"Items","Hobby","Movies","DVD"
"Items","Hobby","Movies","Movies collections"
"Items","Hobby","Movies","VHS"
"Items","Hobby","Movies","Other"
"Items","Hobby","Music & Instruments"
"Items","Hobby","Music & Instruments","Accessories"
"Items","Hobby","Music & Instruments","Audio cassettes"
"Items","Hobby","Music & Instruments","Compact Discs"
"Items","Hobby","Music & Instruments","Musical Instruments"
"Items","Hobby","Music & Instruments","Musical Tools"
"Items","Hobby","Music & Instruments","Records"
"Items","Hobby","Music & Instruments","Tickets"
"Items","Hobby","Music & Instruments","Other"
"Items","Hobby","Sport"
"Items","Hobby","Sport","Tickets"
"Items","Hobby","Sport","Other"
"Items","Hobby","Other"
"Items","Home, Garden & Family"
"Items","Home, Garden & Family","Animals"
"Items","Home, Garden & Family","Animals","Acquaristics"
"Items","Home, Garden & Family","Animals","Birds"
"Items","Home, Garden & Family","Animals","Cats"
"Items","Home, Garden & Family","Animals","Dogs"
"Items","Home, Garden & Family","Animals","Farm animals"
"Items","Home, Garden & Family","Animals","Horses"
"Items","Home, Garden & Family","Animals","Insects&spiders"
"Items","Home, Garden & Family","Animals","Rodents"
"Items","Home, Garden & Family","Animals","Terraneous"
"Items","Home, Garden & Family","Animals","Other"
"Items","Home, Garden & Family","Building&Hardware"
"Items","Home, Garden & Family","Food"
"Items","Home, Garden & Family","For children"
"Items","Home, Garden & Family","Gardening & Plants"
"Items","Home, Garden & Family","Home Decor"
"Items","Home, Garden & Family","Home Decor","Furnitures"
"Items","Home, Garden & Family","Home Decor","Home Decor"
"Items","Home, Garden & Family","Home Decor","Lightings"
"Items","Home, Garden & Family","Home Decor","Rugs & Carpets"
"Items","Home, Garden & Family","Home Decor","Other"
"Items","Home, Garden & Family","Home Security"
"Items","Home, Garden & Family","Tools"
"Items","Home, Garden & Family","Other"
"Items","Jewelry & Watches"
"Items","Jewelry & Watches","Decorations"
"Items","Jewelry & Watches","Devotional articels"
"Items","Jewelry & Watches","Devotional articels","Gold"
"Items","Jewelry & Watches","Devotional articels","Silver"
"Items","Jewelry & Watches","Devotional articels","Other"
"Items","Jewelry & Watches","Jewelry"
"Items","Jewelry & Watches","Jewelry","Gold"
"Items","Jewelry & Watches","Jewelry","Other"
"Items","Jewelry & Watches","Jewelry","Silver"
"Items","Jewelry & Watches","Jewelry accessories"
"Items","Jewelry & Watches","Watches"
"Items","Jewelry & Watches","Other"
"Items","Other"
